name,ID,2023-09-29.13,2023-09-29.14,2023-09-29.15,2023-09-30.13,2023-09-30.14,2023-09-30.15,2023-10-01.13,2023-10-01.14,2023-10-01.15
Avenida Blas Infante,1,65.32,67.62,65.14,65.05,67.26,64.73,64.74,66.9,64.43
Avenida Carlos III,2,,,,,,,,,
Avenida Expo´92,3,67.39,71.74,70.19,66.98,71.41,69.76,66.67,71,69.13
Avenida República Argentina,4,68.22,73.72,74.48,67.87,73.09,74.04,67.51,72.67,73.54
Avenida Santa Cecilia,5,55.33,35.88,19.08,54.7,34.34,17.14,54.19,33.74,16.27
Avenida de Coria,6,56.12,61.15,60.09,55.24,60.48,59.53,54.52,59.43,58.7
Avenida del Cristo de la Expiración,7,66,70.81,71.35,64.34,70.39,70.9,63.94,70.02,70.52
Avenida Álvar Núñez,8,12.84,18.91,28.34,12.68,18.53,27.87,12.46,18.18,27.26
Calle Aceituneras,9,12.95,12.6,14.2,12.86,12.55,14.11,12.14,12.46,13.42
Calle Adolfo Cuéllar,10,,,,,,,,,
Calle Adriano,11,,,,,,,,,
Calle Alarcón,12,14.17,15.17,15.27,14.21,15.23,15.27,14.23,14.96,15.06
Calle Albareda,13,,,,,,,,,
Calle Albuera,14,,,,,,,,,
Calle Alfarería,15,45.88,28.58,16.72,45.13,27.29,16.39,44.55,26.35,15.96
Calle Almansa,16,,,,,,,,,
Calle Alvarado,17,45.09,49.7,37.31,44.85,49.42,35.36,44.59,49.15,34.96
Calle Antillano Campos,18,11.93,12.28,20.59,11.87,12.26,20.36,11.84,12.12,19.77
Calle Antonia Díaz,19,,,,,,,,,
Calle Antonio García Corona,20,63.41,37.37,12.4,63.16,30.84,12.32,62.72,27.58,12.26
Calle Antonio Machado,21,55.63,18.99,15.79,54.84,18.44,15.66,54.56,18.09,15.57
Calle Antonio Rodríguez Zeppelin,22,34.69,41.93,43,34.36,41.71,42.55,34.36,41.12,42.01
Calle Antón de la Cerda,23,,,,,,,,,
Calle Aracena,24,62.61,63.68,44.1,61.76,63.32,42.9,60.7,63,41.12
Calle Arcipreste de Hita,25,6.76,7.42,71.45,6.74,7.42,71.04,6.71,7.41,70.58
Calle Arcos,26,73.5,77.5,75.92,73.17,77,75.42,72.92,76.67,74.92
Calle Arcángel San Gabriel,27,59.98,65.26,14.42,59.69,64.53,14.23,59.37,63.8,13.94
Calle Arcángel San Miguel,28,61.1,45.63,36.77,59.05,45.19,36.15,57.02,44.41,35.57
Calle Arcángel San Rafaél,29,69.11,67.36,23.61,68.63,64.93,23.11,67.89,60.49,22.58
Calle Ardilla,30,16.34,35.71,45.22,16.08,34.68,44.66,15.79,33.61,44.05
Calle Arenal,31,,,,,,,,,
Calle Arfe,32,,,,,,,,,
Calle Arfián,33,27.42,25.77,26.42,26.13,25.68,25.19,26.03,25.74,24.23
Calle Arjona,34,,,,,,,,,
Calle Arnao de Flandes,35,28.44,33.85,43.49,28.3,33.4,42.69,28.2,32.96,41.78
Calle Arqueros,36,,,,,,,,,
Calle Asturias,37,32.45,27.81,16.73,32.32,27.13,16.2,32.21,26.31,15.97
Calle Asunción,38,,,,,,,,,
Calle Aurora,39,,,,,,,,,
Calle Avilés,40,6.98,7.58,8.23,7,7.58,8.21,6.95,7.53,8.23
Calle Azucena,41,18.53,26.55,28.47,18.27,26.42,28.01,17.85,26.3,27.57
Calle Baratillo,42,,,,,,,,,
Calle Barbacana,43,17.87,20.99,20.92,17.28,20.91,20.39,17.17,20.74,19.74
Calle Batán,44,23.42,27.03,25.63,23.27,26.93,25.06,22.89,26.23,24.88
Calle Benidorm,45,,,,,,,,,
Calle Bernardo Guerra,46,22.61,32.02,37.19,21.53,31.33,36.36,20.25,30.77,35.41
Calle Betis,47,57.9,43.36,26.87,57.19,42.39,26.28,56.38,41.43,25.56
Calle Bidasoa,48,,,,,,,,,
Calle Bienvenido Puelles Oliver,49,16.81,20.73,18.87,16.7,20.68,18.71,16.65,20.55,18.62
Calle Bilbao,50,,,,,,,,,
Calle Bobby Deglané,51,,,,,,,,,
Calle Béjar,52,,,,,,,,,
Calle Caballero de Illescas,53,17.74,15.07,16.96,17.58,15.12,16.62,17.35,15.03,16.42
Calle Callao,54,53.39,71.12,66.05,52.69,70.78,65.7,51.33,70.36,65.25
Calle Campoamor,55,20.85,20.63,16.69,20.8,20.57,16.63,20.74,20.48,15.3
Calle Canalejas,56,,,,,,,,,
Calle Carlos Cañal,57,,,,,,,,,
Calle Castelar,58,,,,,,,,,
Calle Castilla,59,41.59,31.92,20.74,40.58,30.22,20.06,39.56,28.55,19.54
Calle Ciriaco Esteban,60,,,,,,,,,
Calle Ciudad Real,61,38.35,35.15,41.48,38.16,34.98,40.18,37.9,34.26,39.37
Calle Clara de Jesús Montero,62,49.03,63.63,61.82,48.66,63.19,61.5,48.19,62.63,61.16
Calle Concha Espina,63,57.02,40.9,23.1,56.76,40.06,22.79,56.47,39.51,21.95
Calle Condes Bustillo,64,62.08,41.93,11.02,61.71,39.99,10.78,61.31,37.91,10.45
Calle Constancia,65,61,48.14,28.24,60.29,45.57,27.36,59.84,43.53,26.28
Calle Coruña,66,66.65,71.31,68.84,66.28,70.96,68.37,66.18,70.56,67.98
Calle Covadonga,67,5.77,10.46,10.78,5.76,10.45,10.1,5.76,10.41,10.11
Calle Cristo del Calvario,68,,,,,,,,,
Calle Cristo del Soberano Poder,69,24.14,41.62,36.16,23.98,41.01,35.57,23.45,40.62,34.89
Calle Crucero Baleares,70,67.6,71.76,70.62,67.32,71.39,70.21,66.94,71.07,69.8
Calle Cáceres,71,48.6,39.18,22.81,48.26,38.32,21.05,48.07,36.7,20.81
Calle Darro,72,,,,,,,,,
Calle Doctor Félix Rodríguez de la Fuente,73,11.84,11.31,25.61,11.75,11.24,24.91,11.71,10.98,24.36
Calle Doctor Jerónimo Pou,74,60.72,44.21,21.86,60.38,40.96,21.15,60.07,37.63,20.81
Calle Doctores Lasso Simarro,75,13.47,13.69,11.88,13.44,13.69,11.85,12.69,13.66,11.84
Calle Dolores León,76,18.56,33.41,32.77,18.25,33.22,32.46,17.77,32.89,32.17
Calle Don Cecilio de Triana,77,32.46,37.18,72.64,32,36.39,71.99,31.45,36.16,71.15
Calle Dos de Mayo,78,,,,,,,,,
Calle Doña Guiomar,79,,,,,,,,,
Calle Duarte,80,19.86,15.41,11.16,19.76,15.31,10.43,18.57,14.74,10.43
Calle Duna,81,41.07,16.43,17.14,39.41,16.35,16.58,39.11,16.32,16.38
Calle Dónoso Cortés,82,,,,,,,,,
Calle Enrique León,83,9.42,13.97,13.12,9.4,13.4,12.99,9.38,12.92,12.83
Calle Enrique Mensaque,84,14.55,13.92,14.8,14.46,13.33,14.01,14.38,13.27,13.18
Calle Enriqueta Delicado,85,,,,,,,,,
Calle Espartinas,86,10.41,6.43,6.4,10.37,6.4,6.33,9.67,6.34,6.25
Calle Esperanza de Triana,87,63.6,60.98,47.32,63.05,60.19,46.77,62.65,59.32,46.01
Calle Evangelista,88,20.92,30.67,59.96,20.6,30.23,59.19,20.29,29.98,58.36
Calle Fabié,89,17.98,20.49,42.13,17.9,19.84,41.87,17.62,19.05,41.22
Calle Farmacéutico Murillo Herrera,90,16.85,15.91,17.53,16.59,15.68,16.94,16.28,15.55,16.76
Calle Febo,91,68.02,43.94,29.33,67.62,42.49,28.68,67.26,40.96,28.06
Calle Fernández Espino,92,,,,,,,,,
Calle Flota,93,5.89,11.19,24.8,5.87,11.06,24.57,5.87,11.04,24.16
Calle Fortaleza,94,25.39,19.01,7.3,25,17.31,7.04,24.42,16.56,6.73
Calle Fotógrafo Martín Cartaya,95,,,,,,,,,
Calle Fotógrafos Serrano,96,,,,,,,,,
Calle Francisco Collantes de Terán,97,64.86,60.81,23.09,63.69,57.98,22.66,63.01,55.59,22.24
"Calle Francisco Palacios ""El Pali""",98,12.55,12.58,8.59,12.47,11.95,8.06,12.44,11.91,7.26
Calle Fray Bartolomé de las Casas,99,,,,,,,,,
Calle Fray Tomás de Berlanga,100,62.34,32.35,27.53,62.19,30.9,27.35,61.87,29.59,27.15
Calle Gabriel y Galán,101,35.51,6.7,7.7,34.71,6.69,7.65,32.8,6.69,7.56
Calle Gabriela Sánchez Aranda,102,51.27,21.33,9.63,50.94,17.94,9.59,50.6,14.35,9.52
Calle Galera,103,,,,,,,,,
Calle Gamazo,104,,,,,,,,,
Calle Garcilaso de la Vega,105,50.39,36.23,41.19,48.55,35.69,40.67,47.32,34.97,39.69
Calle General Castaño,106,,,,,,,,,
Calle General Martínez,107,16.54,20.86,26.48,16.44,20.68,25.68,16.03,19.64,24.81
Calle Genil,108,,,,,,,,,
Calle Gijón,109,9.91,7.37,7.84,9.88,7.37,7.84,9.28,7.4,7.84
Calle Giralda,110,25.24,27.81,26.94,24.98,27.52,26.8,24.89,26.66,26.61
Calle Gonzalo Jiménez de Quesada,111,,,,,,,,,
Calle Gonzalo Segovia,112,18.03,17.94,16.81,17.99,17.88,16.52,17.94,17.79,16.4
Calle Gonzalo de Berceo,113,37.36,16.16,13.17,36.14,16.12,13.07,34.52,16.05,12.99
Calle Gracia Fernández Palacios,114,,,,,,,,,
Calle Gracia de Triana,115,15.35,21.88,23.39,14.21,21.74,22.87,14.15,21.63,22.63
Calle Graham Bell,116,11.83,14.68,12.62,11.86,14.63,12.52,11.77,14.6,12.34
Calle Granaderos,117,23.12,31.37,31.93,22.99,31.22,31.71,22.63,31.13,31.53
Calle Gravina,118,,,,,,,,,
Calle Gustavo Bacarisas,119,12.49,33.38,46.43,12.42,33.03,45.54,12.38,32.3,44.33
Calle Gutiérrez Bravo,120,17.65,7.95,11.79,17.61,7.94,11.59,17.51,7.91,11.35
Calle Gutiérrez de Alba,121,66.82,18.75,15.94,66.61,18.38,15.87,66.35,18,15.72
Calle Génova,122,33.52,37.78,36.26,33.34,37.55,35.41,33.2,36.89,34.58
Calle Ignacio Gómez Millán,123,55.1,62.21,37.29,54.92,61.79,35.92,54.83,60.9,34.77
Calle Inca Garcilaso,124,75,78.53,76.47,74.6,78.07,75.93,74.2,77.73,75.47
Calle Iris,125,,,,,,,,,
Calle Jacinta Marto,126,38.33,25.46,14.29,38.12,25.02,14.25,37.91,24.64,14.16
Calle Jacinto Benavente,127,53.19,17.01,14.42,52.58,16.55,14.32,52.14,16.15,14.21
Calle Jalón,128,,,,,,,,,
Calle Jarama,129,,,,,,,,,
Calle Jesús Cruz Auñón,130,68.38,57.95,36.27,68.03,57.78,34.62,67.76,57.51,34.03
Calle Joaquin Román Sánchez,131,15.71,11.23,32.89,15.58,10.08,32.4,14.68,10.03,32.31
Calle José Cruz Auñón,132,18.05,7.82,5.46,17.93,7.09,5.43,17.91,5.82,5.39
Calle José Leon Sánz,133,14.65,25.71,34.4,14.61,25.35,34.23,13.73,25.16,33.16
Calle José León,134,10.11,10.64,10.07,10.09,10.24,9.93,9.95,10.08,9.73
Calle José León Sanz,135,23.31,32.55,31.54,22.9,32.19,31.26,22.61,32.08,30.89
Calle José María del Campo,136,20.15,23.83,32.64,19.92,23.73,30.06,19.57,23.62,27.12
Calle José Sánchez Rodríguez,137,,,,,,,,,
Calle José Velázquez Sánchez,138,,,,,,,,,
Calle Juan Díaz de Solís,139,14.49,15.37,17.12,14.41,15.07,17.09,14.17,14.76,17.02
Calle Juan Muñoz Rodríguez,140,13.77,10.53,43.53,13.72,10.5,43.27,13.66,10.42,42.47
Calle Juan Ramón Jiménez,141,,,,,,,,,
Calle Juan Sebastián Elcano,142,,,,,,,,,
Calle Juan Valera,143,16.29,6.29,9.02,16.13,6.29,8.96,15.92,6.25,8.94
Calle Juan Varela,144,6.09,6.38,9.78,6.06,6.38,9.78,6.03,6.31,9.75
Calle Juan de Pineda,145,64.71,69.54,43.96,64.44,68.52,43.24,64.09,67.76,42.21
Calle Julio César,146,,,,,,,,,
Calle Justino Matute,147,66.53,26.63,9.97,66.06,24.89,9.82,65.22,22.88,9.7
Calle Jándalo,148,,,,,,,,,
Calle Lealtad,149,66.9,43.82,21.83,66.56,42.9,21.39,66.14,41.43,21.22
Calle Leiria,150,69.6,47.39,26.92,69.26,45.34,26.51,68.88,44.68,26.04
Calle Lorenzo Leal,151,50.97,16.21,12.69,50.59,14.19,12.58,49.84,13.66,12.44
Calle Los Calafates,152,25.27,30.57,32.11,25.1,29.96,31.93,24.98,29.41,31.61
Calle Luca de Tena,153,22.83,34.03,68.9,22.42,33.81,68.04,22.14,33.61,67.6
Calle Lucas Cortés,154,27.54,31.45,56.23,27.37,30.72,55.11,26.77,30.45,54.31
Calle Lucía de Jesús,155,18.26,19.47,30.94,17.6,18.76,29.58,17.53,18.68,28.12
Calle Luis de Cuadra,156,22.27,27.04,23.89,22.23,25.88,23,22.11,25.62,21.3
Calle Luis de Vargas,157,,,,,,,,,
Calle Luz Arriero,158,66.21,32.96,30.05,65.95,31.75,29.75,65.21,30.97,29.39
Calle López Pinillos,159,60.04,18.8,14.89,59.53,18.7,14.74,58.36,18.57,14.64
Calle López de Arenas,160,,,,,,,,,
Calle López de Gomara,161,66.08,72.16,71.93,65.79,71.82,71.44,65.47,71.46,70.89
Calle Madre Rafols,162,,,,,,,,,
Calle Madrid,163,,,,,,,,,
Calle Maestro Arrieta,164,53.44,25.39,13.28,52.82,22.39,12.98,52.3,20.21,12.51
Calle Maestro Bretón,165,6.48,5.97,5.57,6.49,5.96,5.55,6.47,5.95,5.2
Calle Maestro Guerrero,166,23.69,30.01,35.35,24.41,29.15,35.15,24.31,28.21,34.99
Calle Maestro Guridi,167,35.9,37.24,37.1,35.74,36.93,36.83,35.58,36.57,36.57
Calle Maestro Jiménez,168,9.21,10.68,24.59,9.26,10.56,23.65,8.79,10.23,22.5
Calle Magallanes,169,9.7,15.05,33.55,9.66,15,32.86,9.61,14.9,32.66
Calle Maldonado Dávila,170,16.84,12.58,11.21,16.84,12.24,11.18,16.8,12.01,11.12
Calle Malhara,171,,,,,,,,,
Calle Manuel Arellano,172,26.13,28.99,33.83,25.83,28.46,33.14,25.58,27.92,32.47
Calle Manuel Macías Mínguez,173,31.95,44.04,54.01,31.4,43.69,53.72,30.78,43.29,53.38
Calle Manuel Pareja Obregón,174,14.1,15.62,13.86,14.03,15.41,13.43,14,15.37,12.53
Calle Manuel Rodríguez Alonso,175,65.41,45.67,17.15,65.03,42.7,16.59,64.64,39.71,16.06
Calle Manuel de Lando,176,18.31,5.25,8.54,17.21,5.21,8.48,16.06,5.17,8.44
Calle Manzanares,177,,,,,,,,,
Calle Mar del Plata,178,57.53,57.94,37.13,57.11,56.77,36.27,56.76,56.33,35.98
Calle Marcos Hiráldez de Acosta,179,50.49,59.23,60.91,50.13,58.97,60.67,49.34,58.75,60.32
Calle Marianillo,180,70.42,23.74,11.02,70.11,21.87,10.58,69.68,18.92,10.43
Calle Marqués de Paradas,181,,,,,,,,,
Calle Marqués del Duero,182,,,,,,,,,
Calle Martínez de Irala,183,50.17,15.55,13.25,49.92,14.87,13.17,49.11,14.81,13.03
Calle María Ortiz,184,26.19,29.49,29.47,25.81,29.34,29.05,25.43,28.64,28.91
Calle Mateo Alemán,185,,,,,,,,,
Calle Mesón de los Caballeros,186,,,,,,,,,
Calle Miguel Ángel Olalla,187,5.71,5.82,6.27,5.7,5.82,5.94,5.69,5.81,5.76
Calle Miño,188,74,78.31,76.62,73.46,77.54,76.38,73.38,77.38,75.77
Calle Monte Carmelo,189,,,,,,,,,
Calle Moratín,190,,,,,,,,,
Calle Morovelli de Puebla,191,20.98,27.29,60.63,20.71,26.74,60.05,20.51,26.35,59.7
Calle Mosquera de Figueroa,192,62.61,64.12,28.99,62.23,62.6,28,61.81,61.11,27
Calle Méndez Núñez,193,,,,,,,,,
Calle Naos,194,,,,,,,,,
Calle Narciso Campillo,195,,,,,,,,,
Calle Niculoso Pisano,196,44.07,48.53,46.47,43.65,48.23,46.19,43.11,47.94,46
Calle Niebla,197,,,,,,,,,
Calle Nuestra Señora de la Salud,198,20.22,40.27,41.45,20.09,40.13,40.51,20.04,39.9,40.06
Calle Nuestra Señora de los Ángeles,199,15.55,16.13,20.35,15.51,15.48,19.77,15.44,14.69,18.29
Calle Nuestro Padre Jesús Nazareno,200,23.1,25.7,33.83,23.03,25.46,33.06,22.89,25.03,32.34
Calle Nuestro Padre Jesús de las Penas,201,25.01,30.93,26.98,24.38,30.38,24.47,24.32,30.23,23.67
Calle Numancia,202,61.61,64.91,59.82,61.02,64.16,59.39,60.74,63.43,58.91
Calle Núñez de Balboa,203,,,,,,,,,
Calle Olivares,204,43.65,9.07,14.5,43.63,8.98,13.83,43.35,8.94,13.18
Calle Orfebre Juan Antonio Borrero,205,27.38,26,25.14,27.26,25.88,23.54,26.76,25.82,21.82
Calle Otumba,206,,,,,,,,,
Calle Oviedo,207,3.69,6.17,10.56,3.69,6.14,10.5,3.67,6.14,10.44
Calle Padre Damián,208,,,,,,,,,
Calle Padre Marchena,209,,,,,,,,,
Calle Padre Maruri,210,21.41,48.29,42.48,21.08,48.03,41.98,20.79,47.64,41.08
Calle Pagés del Corro,211,53.28,41.72,27.65,52.12,40.7,27.03,51.14,39.6,26.54
Calle Papa Juan Pablo I,212,54.16,58.45,52.61,53.74,57.93,51.8,53.05,57.56,51.09
Calle Paraíso,213,20.27,27.73,59.63,19.86,27.12,58.22,19.75,26.58,56.77
Calle Pastor y Landero,214,,,,,,,,,
Calle Pavía,215,,,,,,,,,
Calle Pedro Pérez Fernández,216,,,,,,,,,
Calle Pelay Correa,217,41.14,19.23,22.32,39.75,18.88,21.89,38.59,18.78,21.52
Calle Periodista Nicolás Salas,218,19.99,19.01,19.24,19.83,18.25,18.98,19.05,18.04,18.88
Calle Peñaflor,219,5.62,8.6,9.77,5.59,8.58,9.75,5.58,8.53,8
Calle Pilar de Gracia,220,16.02,49.66,64.33,15.8,49.16,63.64,15.62,48.62,62.84
Calle Pinzón,221,24.79,27.04,35.4,24.66,26.53,35.18,24.57,25.43,35.06
Calle Pisuerga,222,,,,,,,,,
Calle Procurador,223,20.76,33.86,48.82,20.28,33.5,48.24,20,33,47.25
Calle Prosperidad,224,69.42,62.55,15.82,69.01,59.83,15.69,68.72,58.46,15.55
Calle Puerta de Triana,225,,,,,,,,,
Calle Pureza,226,58.27,35.97,15.18,57.79,34.78,14.68,57.3,33.5,14.16
Calle Puruñuela,227,22.5,26.51,48.11,22.41,25.98,46.59,22.19,25.82,45.57
Calle Párroco Don Eugenio,228,28.05,29.41,30.87,27.98,29.02,30.44,26.94,28.93,29.75
Calle Párroco Pedro Ramos,229,7.95,9.59,8.65,7.95,9.55,8.61,7.93,9.51,8.22
Calle Quirós,230,,,,,,,,,
Calle Radio Sevilla,231,,,,,,,,,
Calle Rafael Belmonte García,232,12.52,13.68,12.5,12.39,13.62,12.44,12.33,13.52,12.35
Calle Rafael Salas González,233,14.03,15.09,20.57,13.9,14.68,19.88,13.71,14.43,18.85
Calle Real de la Carretería,234,,,,,,,,,
Calle Regla León,235,21.71,31.02,30.49,21.17,30.96,29.97,20.8,30.8,29.63
Calle Regla Sanz,236,14.18,16.64,15.76,13.87,16.39,15.69,13.4,16.02,15.45
Calle Requena,237,12.94,15.67,33.86,12.91,14.86,32.59,12.68,14.86,32.56
Calle Reyes Católicos,238,,,,,,,,,
Calle Rockero Silvio,239,,,,,,,,,
Calle Rocío,240,18.7,16.26,16.92,18.23,16,16.65,18.06,15.41,16.4
Calle Rodo,241,,,,,,,,,
Calle Rodrigo de Triana,242,27.72,13.32,9.79,26.88,12.86,9.73,25.86,12.32,9.62
Calle Ronda de Triana,243,22.64,20.48,18.44,22.45,20.23,18.31,21.76,19.98,18.19
Calle Rosario Vega,244,21.35,21.59,17.68,21.12,21.24,17.39,20.99,21.11,17.18
Calle Rubén Darío,245,67.6,71.3,70.02,67.29,70.92,69.65,66.94,70.58,69.16
Calle Ruiseñor,246,28.09,25.18,31.93,27.41,24.48,31.22,27.08,23.89,30.69
Calle Salado,247,11.58,11.4,32.24,11.29,11.01,30.55,11.2,10.68,29.04
Calle Salvador Guardiola Fantoni,248,13.13,16.81,72.64,13.1,16.78,72.18,12.46,16.72,71.78
Calle Samuel Morse,249,56.77,64.28,67.34,56.18,63.84,66.57,55.64,63.26,65.57
Calle San Jacinto,250,21.82,23.02,26.12,21.58,22.85,25.27,21.33,22.55,24.66
Calle San Jorge,251,59.86,38.68,28.61,58.17,37.39,28.34,57.43,35.35,27.79
Calle San José de Calasanz,252,68.33,69.91,66.67,67.86,69.46,66.06,67.41,69,65.61
Calle San Pablo,253,,,,,,,,,
Calle San Vicente de Paul,254,56.62,60.02,58.07,56.08,59.44,57.39,55.63,58.68,56.76
Calle San Vicente de Paúl,255,36.55,58.36,63.7,36.18,56.71,63.23,35.71,55.78,62.66
Calle Santa Fe,256,,,,,,,,,
Calle Santas Patronas,257,,,,,,,,,
Calle Santo Ángel,258,,,,,,,,,
Calle Santísimo Cristo de las Tres Caidas,259,19.74,19.57,20.62,19.68,19.33,19.83,19.63,19.3,19.11
Calle Sebastián Cabot,260,72.38,76.56,74.86,71.99,76.19,74.39,71.61,75.75,73.69
Calle Segura,261,,,,,,,,,
Calle Sor Manuela Ramos,262,12.79,13.53,13.38,12.82,13.57,13.35,12.69,13.6,13.36
Calle Sor Milagros,263,27.06,20.36,18.75,27.08,19.78,18.5,26.82,19.54,17.78
Calle Sánchez Barcaiztegui,264,,,,,,,,,
Calle Tadeo Soler,265,14.47,14.14,14.56,14.01,14.06,13.83,13.62,13.97,13.1
Calle Techada,266,,,,,,,,,
Calle Tejares,267,45.52,55.63,55.6,45.21,55.44,55.29,45.4,55.19,54.67
Calle Teniente Rodríguez Carmona,268,13,12.52,12.93,12.94,12.43,12.77,12.89,12.36,12.32
Calle Termancia,269,5.9,24.01,29.38,5.87,23.94,29.24,5.89,23.96,28.97
Calle Tirso de Molina,270,,,,,,,,,
Calle Toledo,271,17.17,42.16,18.56,17.04,41.47,18.39,16.97,40.89,18.19
Calle Toneleros,272,,,,,,,,,
Calle Torremolinos,273,,,,,,,,,
Calle Torrijos,274,27.63,29.7,28.81,27.67,28.51,28.75,27.65,27.93,28.68
Calle Trabajo,275,32.84,37.65,49,32.01,36.86,47.84,31.41,36.24,46.55
Calle Trastámara,276,,,,,,,,,
Calle Troya,277,19.88,17.86,15.84,19.71,17.73,15.38,19.61,17.55,14.92
Calle Uxama,278,57.51,56.87,16.09,57.26,54.68,16.02,56.94,53.18,15.92
Calle Valdés Leal,279,,,,,,,,,
Calle Valladares,280,15.31,13.69,11.06,15.13,13.65,11.05,14.9,13.67,11.05
Calle Velarde,281,,,,,,,,,
Calle Veterinarios,282,34.97,34.42,38.83,34.48,34.11,38.28,34.33,33.75,37.83
Calle Vicente Flores Navarro,283,14.73,25.17,45.76,14.69,23.46,45.22,14.6,21.51,44.49
Calle Victoria,284,7.12,9.69,48.17,7.03,9.59,47.83,6.98,9.4,47.46
Calle Vincent Van Gogh,285,14.65,13.79,16.11,14.49,13.49,16.05,14.29,13.46,15.96
Calle Virgen Araceli,286,,,,,,,,,
Calle Virgen Inmaculada,287,56.01,41.12,16.4,55.64,38.28,15.87,55.28,36.82,15.78
Calle Virgen de Aguas Santas,288,73.25,77.25,75.5,73,76.62,75,72.38,76.38,74.62
Calle Virgen de Begona,289,,,,,,,,,
Calle Virgen de Belén,290,6.82,2.6,2.64,6.76,2.59,2.63,6.74,2.57,2.62
Calle Virgen de Consolación,291,73.1,77.1,75.7,72.7,76.7,75.5,72.3,76.4,74.8
Calle Virgen de Cuatrovitas,292,,,,,,,,,
Calle Virgen de Fuensanta,293,,,,,,,,,
Calle Virgen de Fátima,294,68.02,57.17,20.32,67.46,54.86,19.77,67.08,51.59,19.48
Calle Virgen de Loreto,295,,,,,,,,,
Calle Virgen de Luján,296,,,,,,,,,
Calle Virgen de Regla,297,,,,,,,,,
Calle Virgen de Setefilla,298,73.82,78.09,77.09,73.45,77.91,76.36,73.09,77.36,76.18
Calle Virgen de Todos Los Santos,299,,,,,,,,,
Calle Virgen de Villadiego,300,64.57,35.85,19.11,63.29,35.62,18.61,62.41,32.67,18.17
Calle Virgen de la Estrella,301,,,,,,,,,
Calle Virgen de la Victoria,302,,,,,,,,,
Calle Virgen de las Huertas,303,45.22,30.85,28.49,45.02,29.97,28.12,43.32,29.33,27.57
Calle Virgen de las Montañas,304,,,,,,,,,
Calle Virgen de las Torres,305,60.51,41.19,39.8,60.21,40.31,39.24,59.62,39.89,38.93
Calle Virgen de África,306,73.33,77.75,76.75,72.92,77.33,76.17,72.58,76.83,75.83
Calle Virgen del Buen Aire,307,21.25,22.78,35.64,21.08,21.96,34.29,20.93,20.87,33.74
Calle Virgen del Mar,308,54.12,12.55,14.84,53.72,12.47,14.78,53.11,12.39,14.28
Calle Virgen del Monte,309,,,,,,,,,
Calle Virgen del Patrocinio,310,62.81,69.05,65.32,62.5,68.75,64.92,62.17,68.45,64.19
Calle Virgen del Perpetuo Socorro,311,10.63,12.04,16.91,10.55,11.66,15.84,10.49,11.55,15.17
Calle Virgen del Pino,312,12.81,12.67,23.42,12.77,12.64,21.81,12.7,12.6,20.63
Calle Virgen del Prado,313,58.03,21.83,18.78,57.78,21.02,18.68,57.54,20.18,18.52
Calle Virgen del Refugio,314,,,,,,,,,
Calle Virgen del Valle,315,,,,,,,,,
Calle Virgen del Águila,316,,,,,,,,,
Calle Virtud,317,60.14,60.04,29.77,59.77,58.75,29.11,59.3,57.93,28.41
Calle Voluntad,318,65.83,46.57,15.59,65.36,43.91,15.43,64.95,42.28,14.74
Calle Zaragoza,319,,,,,,,,,
Calle Zorrilla,320,20.27,21.48,20.52,20.17,21.35,20.04,20.06,21.25,19.5
Calle de Enrique Orce Mármol,321,31.24,56.28,45.36,30.72,55.94,44.97,30.22,55.36,44.52
Calle de Manuel Vigil-Escalera Díaz,322,5.61,6.77,11.54,5.56,6.76,11.49,5.52,6.74,11.46
Calle Álvaro Peláez,323,15.6,19.25,24.31,15.52,19.37,24.04,15.41,18.87,24.15
Calle Álvaro de Luna,324,67.59,15.24,14.92,66.39,15.13,14.72,64.59,15.07,14.53
Calle Áncora,325,18.2,21.02,22.46,17.71,20.95,22.3,17.52,20.67,22.2
Calle Ángel Solans,326,12.04,14.69,14.91,11.5,14.6,14.61,11.45,14.43,14.5
Calle Ánimas,327,,,,,,,,,
Callejón de la Inquisición,328,33.2,33.68,30.73,33.14,32.44,30.69,33.15,32.32,30.59
Carretera Gijón a Puerto de Sevilla,329,57.41,70.89,70.63,56.88,70.48,70.2,56.55,70.07,69.77
Carretera del Muro de Defensa,330,72.24,77.35,75.53,72.12,76.97,75.06,71.63,76.54,74.61
Galeria Comercial Calle San Jancinto,331,4.76,31.53,30.76,4.76,31.35,30.59,4.76,31.24,30.41
Galerias San Jacinto,332,,,,,,,,,
Glorieta Carlos Cano,333,63.46,66.61,65.04,63.07,66.18,64.61,62.71,65.82,64
Glorieta Curro Romero,334,,,,,,,,,
Glorieta José Moya Sanabria,335,72.9,76.12,74.13,72.48,75.81,73.63,72.09,75.32,73.22
Glorieta de Viena,336,,,,,,,,,
Jardines de Rafael Montesinos,337,,,,,,,,,
Muelle de la Sal,338,,,,,,,,,
Nucleo Residencial Santo Ángel de la Guarda,339,25.96,23.51,29.21,24.73,22.85,28.58,23.65,22.27,27.9
Pasaje Capataces Ariza,340,14.5,11.85,32.69,14.49,11.83,29.42,13.83,11.82,27.87
Pasaje Comercial Los Caños,341,,,,,,,,,
Pasaje Cristóbal Morales,342,,,,,,,,,
Pasaje Sor Ángela Hinojosa,343,1.11,1,1.11,1.11,1.05,1.11,1.11,1.05,1.11
Pasaje Virgen de Consolación,344,74.44,78.56,77.33,74.11,78.11,76.67,73.67,77.78,76.44
Paseo Alcalde Marqués del Contadero,345,,,,,,,,,
Paseo Nicolás Redondo Urbieta,346,,,,,,,,,
Paseo Nuestra Señora de la O,347,40.2,37.9,30.28,39.85,37.16,29.57,39.45,36.56,29.06
Paseo de Cristóbal Colón,348,,,,,,,,,
Pasillo 1,349,2.7,2.7,2.4,2.7,2.7,2.4,2.7,2.7,2.4
Pasillo 2,350,,,,,,,,,
Pasillo 3,351,16.64,15.82,14.32,16.55,15.86,14.27,16.55,15.82,14.23
Pasillo 4,352,14.31,11.69,13.12,14.19,11.38,13.06,14.19,11.38,13
Patio de María Auxiliadora,353,24.82,26.55,27.73,24.82,26.64,27.77,24.91,26.73,27.82
Patio de San Juan Bosco,354,21.45,18.55,17.21,21.55,18.58,17.28,21.57,18.57,17.26
Plaza Alcalde José Hernández Díaz,355,24.9,19.79,13.97,24.7,19.11,13.9,24.44,18.67,13.83
Plaza Alfonso Jaramillo,356,55,55.78,43.62,53.59,54.89,42.95,52.76,53.27,42.59
Plaza Armando Jannone,357,63.78,35.45,34.6,61.26,35.28,34.31,58.57,34.83,34.08
Plaza Cerámicas Mensaque,358,16.42,21.72,60.08,16.33,21.28,59.64,16.25,21.15,59.28
Plaza Hermandad del Rocío de Triana,359,18.38,18.92,16.82,18.35,18.91,16.72,18.32,18.8,16.66
Plaza Marcelino Champagnat,360,5.63,7.91,7.06,5.11,7.93,6.84,5.1,7.93,6.83
Plaza Nueva,361,,,,,,,,,
Plaza Salesiano D. Ubaldo,362,21.68,23.68,23.45,21.68,23.65,23.36,21.64,23.66,23.07
Plaza San Martín de Porres,363,62.62,71.82,69.49,62.52,71.42,69.07,62.2,71.05,68.63
Plaza Virgen de la Amargura,364,26.7,50.75,54.34,26.37,50.32,53.91,26.23,50.04,53.43
Plaza de Chapina,365,71.77,73.8,67.1,71.39,73.46,66.48,71,73.03,66.15
Plaza de Compostela,366,21.1,18.74,17.68,20.4,18.67,17.28,19.8,18.57,16.95
Plaza de Cuba,367,72.99,77.35,76.26,72.63,76.91,75.74,72.25,76.53,75.32
Plaza de Godínez,368,,,,,,,,,
Plaza de Góngora,369,17.72,17.36,54.26,17.64,16.93,53.95,17.52,16.24,53.56
Plaza de Montepirolo,370,28.74,39.12,61.35,28.6,38.61,61.04,28.42,38.25,60.62
Plaza de Río Frío,371,,,,,,,,,
Plaza de la Virgen Milagrosa,372,17.2,32.56,62.56,17.1,32.3,60.66,17,32.24,60.24
Plaza de los Mártires,373,44.39,50.09,40.87,44.21,49.77,40.45,44.06,49.56,39.92
Plaza del Altozano,374,34.95,36.15,35.2,34.5,35.76,35.03,34.36,35.63,34.79
Plaza del Lápiz,375,,,,,,,,,
Plaza del Padre Damián,376,,,,,,,,,
Plaza del Zurraque,377,63.3,38.94,35.66,62.94,38.15,35.47,62.48,37.72,35.23
Plaza el Mercado,378,,,,,,,,,
Plazuela de Santa Ana,379,15.39,17.14,6.29,14.53,16.78,6.22,13.9,16.14,6.18
Puente de Isabel II,380,70.57,73.31,70.57,69.93,73.06,70.38,69.72,72.93,70.13
Puente de San Telmo,381,72.24,76.6,75.58,71.77,76.13,75.12,71.43,75.8,74.66
Puente del Cristo de la Expiración,382,72.42,76.83,75.67,72.17,76.33,75.08,71.83,76,74.83
Riofrio,383,,,,,,,,,
Ronda de Triana,384,52.09,61.87,60.07,51.83,61.52,59.68,51.47,61.13,59.26
Ronda de los Tejares,385,41.56,67.7,68.82,41.17,67.27,68.4,40.84,66.84,67.99
Valladares,386,32.17,81.17,54.17,32,77,53.83,32,70.17,53.5
Virgen de las Montañas,387,,,,,,,,,
Virgen del Sagrado Corazón,388,61.19,7.7,7.17,60.25,7.63,7.11,59.52,7.57,7.07
,389,31.81,33.82,32.27,31.53,33.46,31.95,31.25,33.12,31.6
